Study ID	Patient ID	Sample ID	Cancer Type	Cancer Type Detailed	Fraction Genome Altered	Mutation Count	Oncotree Code	Sample Class	Number of Samples Per Patient	Sequencing Type	Somatic Status	TMB (nonsynonymous)
brca_bccrc_xenograft_2014	SA429	SA429X1A-targeted	Breast Cancer	Invasive Breast Cancer	NA	70	BRCA	Xenograft	12	Targeted	Matched	2.3
brca_bccrc_xenograft_2014	SA429	SA429X1B-targeted	Breast Cancer	Invasive Breast Cancer	NA	70	BRCA	Xenograft	12	Targeted	Matched	2.3
brca_bccrc_xenograft_2014	SA429	SA429X2A-targeted	Breast Cancer	Invasive Breast Cancer	NA	70	BRCA	Xenograft	12	Targeted	Matched	2.3
brca_bccrc_xenograft_2014	SA429	SA429X2A-whole_genome	Breast Cancer	Invasive Breast Cancer	0.5414	80	BRCA	Xenograft	12	Whole Genome	Matched	2.66666666667
brca_bccrc_xenograft_2014	SA429	SA429X2B-targeted	Breast Cancer	Invasive Breast Cancer	NA	70	BRCA	Xenograft	12	Targeted	Matched	2.3
brca_bccrc_xenograft_2014	SA429	SA429X2C-targeted	Breast Cancer	Invasive Breast Cancer	NA	70	BRCA	Xenograft	12	Targeted	Matched	2.3
brca_bccrc_xenograft_2014	SA429	SA429X2D-targeted	Breast Cancer	Invasive Breast Cancer	NA	70	BRCA	Xenograft	12	Targeted	Matched	2.3
brca_bccrc_xenograft_2014	SA429	SA429X2E-targeted	Breast Cancer	Invasive Breast Cancer	NA	70	BRCA	Xenograft	12	Targeted	Matched	2.3
brca_bccrc_xenograft_2014	SA429	SA429X3A-targeted	Breast Cancer	Invasive Breast Cancer	NA	70	BRCA	Xenograft	12	Targeted	Matched	2.3
brca_bccrc_xenograft_2014	SA429	SA429X4A-targeted	Breast Cancer	Invasive Breast Cancer	NA	70	BRCA	Xenograft	12	Targeted	Matched	2.3
brca_bccrc_xenograft_2014	SA429	SA429X5A-targeted	Breast Cancer	Invasive Breast Cancer	NA	70	BRCA	Xenograft	12	Targeted	Matched	2.3
brca_bccrc_xenograft_2014	SA429	SA429X5A-whole_genome	Breast Cancer	Invasive Breast Cancer	0.4794	99	BRCA	Xenograft	12	Whole Genome	Matched	3.3
brca_bccrc_xenograft_2014	SA493	SA493T-targeted	Breast Cancer	Invasive Breast Cancer	NA	116	BRCA	Tumor	4	Targeted	Unmatched	3.93333333333
brca_bccrc_xenograft_2014	SA493	SA493T-whole_genome	Breast Cancer	Invasive Breast Cancer	0.6504	146	BRCA	Tumor	4	Whole Genome	Unmatched	4.93333333333
brca_bccrc_xenograft_2014	SA493	SA493X1-targeted	Breast Cancer	Invasive Breast Cancer	NA	116	BRCA	Xenograft	4	Targeted	Matched	3.93333333333
brca_bccrc_xenograft_2014	SA493	SA493X1-whole_genome	Breast Cancer	Invasive Breast Cancer	0.5901	180	BRCA	Xenograft	4	Whole Genome	Matched	6.1
brca_bccrc_xenograft_2014	SA494	SA494T-targeted	Breast Cancer	Invasive Breast Cancer	NA	18	BRCA	Tumor	6	Targeted	Unmatched	0.633333333333
brca_bccrc_xenograft_2014	SA494	SA494T-whole_genome	Breast Cancer	Invasive Breast Cancer	0.3448	25	BRCA	Tumor	6	Whole Genome	Unmatched	0.866666666667
brca_bccrc_xenograft_2014	SA494	SA494X2-targeted	Breast Cancer	Invasive Breast Cancer	NA	18	BRCA	Xenograft	6	Targeted	Matched	0.633333333333
brca_bccrc_xenograft_2014	SA494	SA494X3-targeted	Breast Cancer	Invasive Breast Cancer	NA	18	BRCA	Xenograft	6	Targeted	Matched	0.633333333333
brca_bccrc_xenograft_2014	SA494	SA494X4-targeted	Breast Cancer	Invasive Breast Cancer	NA	18	BRCA	Xenograft	6	Targeted	Matched	0.633333333333
brca_bccrc_xenograft_2014	SA494	SA494X4-whole_genome	Breast Cancer	Invasive Breast Cancer	0.3534	35	BRCA	Xenograft	6	Whole Genome	Matched	1.2
brca_bccrc_xenograft_2014	SA495	SA495T-targeted	Breast Cancer	Invasive Breast Cancer	NA	56	BRCA	Tumor	6	Targeted	Unmatched	1.93333333333
brca_bccrc_xenograft_2014	SA495	SA495T-whole_genome	Breast Cancer	Invasive Breast Cancer	0.3934	38	BRCA	Tumor	6	Whole Genome	Unmatched	1.4
brca_bccrc_xenograft_2014	SA495	SA495X2-targeted	Breast Cancer	Invasive Breast Cancer	NA	56	BRCA	Xenograft	6	Targeted	Matched	1.93333333333
brca_bccrc_xenograft_2014	SA495	SA495X3-targeted	Breast Cancer	Invasive Breast Cancer	NA	56	BRCA	Xenograft	6	Targeted	Matched	1.93333333333
brca_bccrc_xenograft_2014	SA495	SA495X4-targeted	Breast Cancer	Invasive Breast Cancer	NA	56	BRCA	Xenograft	6	Targeted	Matched	1.93333333333
brca_bccrc_xenograft_2014	SA495	SA495X4-whole_genome	Breast Cancer	Invasive Breast Cancer	0.7930	55	BRCA	Xenograft	6	Whole Genome	Matched	1.93333333333
brca_bccrc_xenograft_2014	SA496	SA496X1A-targeted	Breast Cancer	Invasive Breast Cancer	NA	65	BRCA	Xenograft	8	Targeted	Matched	2.2
brca_bccrc_xenograft_2014	SA496	SA496X1C-targeted	Breast Cancer	Invasive Breast Cancer	NA	65	BRCA	Xenograft	8	Targeted	Matched	2.2
brca_bccrc_xenograft_2014	SA496	SA496X2A-targeted	Breast Cancer	Invasive Breast Cancer	NA	65	BRCA	Xenograft	8	Targeted	Matched	2.2
brca_bccrc_xenograft_2014	SA496	SA496X2A-whole_genome	Breast Cancer	Invasive Breast Cancer	0.6590	82	BRCA	Xenograft	8	Whole Genome	Matched	2.76666666667
brca_bccrc_xenograft_2014	SA496	SA496X2C-targeted	Breast Cancer	Invasive Breast Cancer	NA	65	BRCA	Xenograft	8	Targeted	Matched	2.2
brca_bccrc_xenograft_2014	SA496	SA496X2D-targeted	Breast Cancer	Invasive Breast Cancer	NA	65	BRCA	Xenograft	8	Targeted	Matched	2.2
brca_bccrc_xenograft_2014	SA496	SA496X3A-targeted	Breast Cancer	Invasive Breast Cancer	NA	65	BRCA	Xenograft	8	Targeted	Matched	2.2
brca_bccrc_xenograft_2014	SA496	SA496X4A-targeted	Breast Cancer	Invasive Breast Cancer	NA	65	BRCA	Xenograft	8	Targeted	Matched	2.2
brca_bccrc_xenograft_2014	SA499	SA499T-targeted	Breast Cancer	Invasive Breast Cancer	NA	45	BRCA	Tumor	8	Targeted	Unmatched	1.46666666667
brca_bccrc_xenograft_2014	SA499	SA499T-whole_genome	Breast Cancer	Invasive Breast Cancer	0.5665	22	BRCA	Tumor	8	Whole Genome	Unmatched	0.733333333333
brca_bccrc_xenograft_2014	SA499	SA499X2-targeted	Breast Cancer	Invasive Breast Cancer	NA	45	BRCA	Xenograft	8	Targeted	Matched	1.46666666667
brca_bccrc_xenograft_2014	SA499	SA499X3-targeted	Breast Cancer	Invasive Breast Cancer	NA	45	BRCA	Xenograft	8	Targeted	Matched	1.46666666667
brca_bccrc_xenograft_2014	SA499	SA499X4-targeted	Breast Cancer	Invasive Breast Cancer	NA	45	BRCA	Xenograft	8	Targeted	Matched	1.46666666667
brca_bccrc_xenograft_2014	SA499	SA499X5-targeted	Breast Cancer	Invasive Breast Cancer	NA	45	BRCA	Xenograft	8	Targeted	Matched	1.46666666667
brca_bccrc_xenograft_2014	SA499	SA499X5-whole_genome	Breast Cancer	Invasive Breast Cancer	0.7249	47	BRCA	Xenograft	8	Whole Genome	Matched	1.56666666667
brca_bccrc_xenograft_2014	SA499	SA499X6-targeted	Breast Cancer	Invasive Breast Cancer	NA	45	BRCA	Xenograft	8	Targeted	Matched	1.46666666667
brca_bccrc_xenograft_2014	SA500	SA500T-targeted	Breast Cancer	Invasive Breast Cancer	NA	58	BRCA	Tumor	8	Targeted	Unmatched	1.96666666667
brca_bccrc_xenograft_2014	SA500	SA500T-whole_genome	Breast Cancer	Invasive Breast Cancer	0.5221	52	BRCA	Tumor	8	Whole Genome	Unmatched	1.76666666667
brca_bccrc_xenograft_2014	SA500	SA500X1-targeted	Breast Cancer	Invasive Breast Cancer	NA	58	BRCA	Xenograft	8	Targeted	Matched	1.96666666667
brca_bccrc_xenograft_2014	SA500	SA500X2-targeted	Breast Cancer	Invasive Breast Cancer	NA	58	BRCA	Xenograft	8	Targeted	Matched	1.96666666667
brca_bccrc_xenograft_2014	SA500	SA500X3-targeted	Breast Cancer	Invasive Breast Cancer	NA	58	BRCA	Xenograft	8	Targeted	Matched	1.96666666667
brca_bccrc_xenograft_2014	SA500	SA500X3-whole_genome	Breast Cancer	Invasive Breast Cancer	0.9487	55	BRCA	Xenograft	8	Whole Genome	Matched	1.86666666667
brca_bccrc_xenograft_2014	SA500	SA500X4-targeted	Breast Cancer	Invasive Breast Cancer	NA	58	BRCA	Xenograft	8	Targeted	Matched	1.96666666667
brca_bccrc_xenograft_2014	SA500	SA500X5-targeted	Breast Cancer	Invasive Breast Cancer	NA	58	BRCA	Xenograft	8	Targeted	Matched	1.96666666667
brca_bccrc_xenograft_2014	SA501	SA501T-targeted	Breast Cancer	Invasive Breast Cancer	NA	64	BRCA	Tumor	14	Targeted	Unmatched	2.2
brca_bccrc_xenograft_2014	SA501	SA501T-whole_genome	Breast Cancer	Invasive Breast Cancer	0.4075	48	BRCA	Tumor	14	Whole Genome	Unmatched	1.66666666667
brca_bccrc_xenograft_2014	SA501	SA501X1A-targeted	Breast Cancer	Invasive Breast Cancer	NA	64	BRCA	Xenograft	14	Targeted	Matched	2.2
brca_bccrc_xenograft_2014	SA501	SA501X1A-whole_genome	Breast Cancer	Invasive Breast Cancer	0.4762	53	BRCA	Xenograft	14	Whole Genome	Matched	1.83333333333
brca_bccrc_xenograft_2014	SA501	SA501X2A-targeted	Breast Cancer	Invasive Breast Cancer	NA	64	BRCA	Xenograft	14	Targeted	Matched	2.2
brca_bccrc_xenograft_2014	SA501	SA501X2B-targeted	Breast Cancer	Invasive Breast Cancer	NA	64	BRCA	Xenograft	14	Targeted	Matched	2.2
brca_bccrc_xenograft_2014	SA501	SA501X3A-targeted	Breast Cancer	Invasive Breast Cancer	NA	64	BRCA	Xenograft	14	Targeted	Matched	2.2
brca_bccrc_xenograft_2014	SA501	SA501X3B-targeted	Breast Cancer	Invasive Breast Cancer	NA	64	BRCA	Xenograft	14	Targeted	Matched	2.2
brca_bccrc_xenograft_2014	SA501	SA501X4A-targeted	Breast Cancer	Invasive Breast Cancer	NA	64	BRCA	Xenograft	14	Targeted	Matched	2.2
brca_bccrc_xenograft_2014	SA501	SA501X4B-targeted	Breast Cancer	Invasive Breast Cancer	NA	64	BRCA	Xenograft	14	Targeted	Matched	2.2
brca_bccrc_xenograft_2014	SA501	SA501X4C-targeted	Breast Cancer	Invasive Breast Cancer	NA	64	BRCA	Xenograft	14	Targeted	Matched	2.2
brca_bccrc_xenograft_2014	SA501	SA501X4D-targeted	Breast Cancer	Invasive Breast Cancer	NA	64	BRCA	Xenograft	14	Targeted	Matched	2.2
brca_bccrc_xenograft_2014	SA501	SA501X5A-targeted	Breast Cancer	Invasive Breast Cancer	NA	64	BRCA	Xenograft	14	Targeted	Matched	2.2
brca_bccrc_xenograft_2014	SA501	SA501X5A-whole_genome	Breast Cancer	Invasive Breast Cancer	0.6312	59	BRCA	Xenograft	14	Whole Genome	Matched	2.0
brca_bccrc_xenograft_2014	SA530	SA530T-targeted	Breast Cancer	Invasive Breast Cancer	NA	60	BRCA	Tumor	5	Targeted	Unmatched	2.0
brca_bccrc_xenograft_2014	SA530	SA530T-whole_genome	Breast Cancer	Invasive Breast Cancer	0.6877	61	BRCA	Tumor	5	Whole Genome	Unmatched	2.03333333333
brca_bccrc_xenograft_2014	SA530	SA530X1-targeted	Breast Cancer	Invasive Breast Cancer	NA	60	BRCA	Xenograft	5	Targeted	Matched	2.0
brca_bccrc_xenograft_2014	SA530	SA530X2-targeted	Breast Cancer	Invasive Breast Cancer	NA	60	BRCA	Xenograft	5	Targeted	Matched	2.0
brca_bccrc_xenograft_2014	SA530	SA530X2-whole_genome	Breast Cancer	Invasive Breast Cancer	0.8618	77	BRCA	Xenograft	5	Whole Genome	Matched	2.56666666667
brca_bccrc_xenograft_2014	SA531	SA531T-targeted	Breast Cancer	Invasive Breast Cancer	NA	164	BRCA	Tumor	4	Targeted	Unmatched	5.46666666667
brca_bccrc_xenograft_2014	SA531	SA531T-whole_genome	Breast Cancer	Invasive Breast Cancer	0.0856	161	BRCA	Tumor	4	Whole Genome	Unmatched	5.43333333333
brca_bccrc_xenograft_2014	SA531	SA531X1-targeted	Breast Cancer	Invasive Breast Cancer	NA	164	BRCA	Xenograft	4	Targeted	Matched	5.46666666667
brca_bccrc_xenograft_2014	SA531	SA531X1-whole_genome	Breast Cancer	Invasive Breast Cancer	0.9395	334	BRCA	Xenograft	4	Whole Genome	Matched	11.1
brca_bccrc_xenograft_2014	SA532	SA532T-targeted	Breast Cancer	Invasive Breast Cancer	NA	51	BRCA	Tumor	16	Targeted	Unmatched	1.7
brca_bccrc_xenograft_2014	SA532	SA532T-whole_genome	Breast Cancer	Invasive Breast Cancer	0.2857	48	BRCA	Tumor	16	Whole Genome	Unmatched	1.63333333333
brca_bccrc_xenograft_2014	SA532	SA532X1A-targeted	Breast Cancer	Invasive Breast Cancer	NA	51	BRCA	Xenograft	16	Targeted	Matched	1.7
brca_bccrc_xenograft_2014	SA532	SA532X1C-targeted	Breast Cancer	Invasive Breast Cancer	NA	51	BRCA	Xenograft	16	Targeted	Matched	1.7
brca_bccrc_xenograft_2014	SA532	SA532X1D-targeted	Breast Cancer	Invasive Breast Cancer	NA	51	BRCA	Xenograft	16	Targeted	Matched	1.7
brca_bccrc_xenograft_2014	SA532	SA532X2A-targeted	Breast Cancer	Invasive Breast Cancer	NA	51	BRCA	Xenograft	16	Targeted	Matched	1.7
brca_bccrc_xenograft_2014	SA532	SA532X2B-targeted	Breast Cancer	Invasive Breast Cancer	NA	51	BRCA	Xenograft	16	Targeted	Matched	1.7
brca_bccrc_xenograft_2014	SA532	SA532X2C-targeted	Breast Cancer	Invasive Breast Cancer	NA	51	BRCA	Xenograft	16	Targeted	Matched	1.7
brca_bccrc_xenograft_2014	SA532	SA532X2D-targeted	Breast Cancer	Invasive Breast Cancer	NA	51	BRCA	Xenograft	16	Targeted	Matched	1.7
brca_bccrc_xenograft_2014	SA532	SA532X2E-targeted	Breast Cancer	Invasive Breast Cancer	NA	51	BRCA	Xenograft	16	Targeted	Matched	1.7
brca_bccrc_xenograft_2014	SA532	SA532X2F-targeted	Breast Cancer	Invasive Breast Cancer	NA	51	BRCA	Xenograft	16	Targeted	Matched	1.7
brca_bccrc_xenograft_2014	SA532	SA532X2G-targeted	Breast Cancer	Invasive Breast Cancer	NA	51	BRCA	Xenograft	16	Targeted	Matched	1.7
brca_bccrc_xenograft_2014	SA532	SA532X3A-targeted	Breast Cancer	Invasive Breast Cancer	NA	51	BRCA	Xenograft	16	Targeted	Matched	1.7
brca_bccrc_xenograft_2014	SA532	SA532X3A-whole_genome	Breast Cancer	Invasive Breast Cancer	0.9013	62	BRCA	Xenograft	16	Whole Genome	Matched	2.1
brca_bccrc_xenograft_2014	SA532	SA532X3B-targeted	Breast Cancer	Invasive Breast Cancer	NA	51	BRCA	Xenograft	16	Targeted	Matched	1.7
brca_bccrc_xenograft_2014	SA532	SA532X4A-targeted	Breast Cancer	Invasive Breast Cancer	NA	51	BRCA	Xenograft	16	Targeted	Matched	1.7
brca_bccrc_xenograft_2014	SA533	SA533T-targeted	Breast Cancer	Invasive Breast Cancer	NA	114	BRCA	Tumor	4	Targeted	Unmatched	3.73333333333
brca_bccrc_xenograft_2014	SA533	SA533T-whole_genome	Breast Cancer	Invasive Breast Cancer	0.7764	147	BRCA	Tumor	4	Whole Genome	Unmatched	4.93333333333
brca_bccrc_xenograft_2014	SA533	SA533X1-targeted	Breast Cancer	Invasive Breast Cancer	NA	114	BRCA	Xenograft	4	Targeted	Matched	3.73333333333
brca_bccrc_xenograft_2014	SA533	SA533X1-whole_genome	Breast Cancer	Invasive Breast Cancer	0.7807	146	BRCA	Xenograft	4	Whole Genome	Matched	4.96666666667
brca_bccrc_xenograft_2014	SA534	SA534T-targeted	Breast Cancer	Invasive Breast Cancer	NA	38	BRCA	Tumor	8	Targeted	Unmatched	1.23333333333
brca_bccrc_xenograft_2014	SA534	SA534T-whole_genome	Breast Cancer	Invasive Breast Cancer	0.1940	18	BRCA	Tumor	8	Whole Genome	Unmatched	0.6
brca_bccrc_xenograft_2014	SA534	SA534X1A-targeted	Breast Cancer	Invasive Breast Cancer	NA	38	BRCA	Xenograft	8	Targeted	Matched	1.23333333333
brca_bccrc_xenograft_2014	SA534	SA534X1A-whole_genome	Breast Cancer	Invasive Breast Cancer	0.6982	40	BRCA	Xenograft	8	Whole Genome	Matched	1.3
brca_bccrc_xenograft_2014	SA534	SA534X1B-targeted	Breast Cancer	Invasive Breast Cancer	NA	38	BRCA	Xenograft	8	Targeted	Matched	1.23333333333
brca_bccrc_xenograft_2014	SA534	SA534X1C-targeted	Breast Cancer	Invasive Breast Cancer	NA	38	BRCA	Xenograft	8	Targeted	Matched	1.23333333333
brca_bccrc_xenograft_2014	SA534	SA534X1D-targeted	Breast Cancer	Invasive Breast Cancer	NA	38	BRCA	Xenograft	8	Targeted	Matched	1.23333333333
brca_bccrc_xenograft_2014	SA534	SA534X2A-targeted	Breast Cancer	Invasive Breast Cancer	NA	38	BRCA	Xenograft	8	Targeted	Matched	1.23333333333
brca_bccrc_xenograft_2014	SA535	SA535T-targeted	Breast Cancer	Invasive Breast Cancer	NA	54	BRCA	Tumor	8	Targeted	Unmatched	1.8
brca_bccrc_xenograft_2014	SA535	SA535T-whole_genome	Breast Cancer	Invasive Breast Cancer	0.7075	58	BRCA	Tumor	8	Whole Genome	Unmatched	2.0
brca_bccrc_xenograft_2014	SA535	SA535X1A-targeted	Breast Cancer	Invasive Breast Cancer	NA	54	BRCA	Xenograft	8	Targeted	Matched	1.8
brca_bccrc_xenograft_2014	SA535	SA535X1A-whole_genome	Breast Cancer	Invasive Breast Cancer	0.7618	74	BRCA	Xenograft	8	Whole Genome	Matched	2.56666666667
brca_bccrc_xenograft_2014	SA535	SA535X1B-targeted	Breast Cancer	Invasive Breast Cancer	NA	54	BRCA	Xenograft	8	Targeted	Matched	1.8
brca_bccrc_xenograft_2014	SA535	SA535X1C-targeted	Breast Cancer	Invasive Breast Cancer	NA	54	BRCA	Xenograft	8	Targeted	Matched	1.8
brca_bccrc_xenograft_2014	SA535	SA535X2A-targeted	Breast Cancer	Invasive Breast Cancer	NA	54	BRCA	Xenograft	8	Targeted	Matched	1.8
brca_bccrc_xenograft_2014	SA535	SA535X2B-targeted	Breast Cancer	Invasive Breast Cancer	NA	54	BRCA	Xenograft	8	Targeted	Matched	1.8
brca_bccrc_xenograft_2014	SA536	SA536T-targeted	Breast Cancer	Invasive Breast Cancer	NA	21	BRCA	Tumor	5	Targeted	Unmatched	0.7
brca_bccrc_xenograft_2014	SA536	SA536T-whole_genome	Breast Cancer	Invasive Breast Cancer	0.1864	24	BRCA	Tumor	5	Whole Genome	Unmatched	0.8
brca_bccrc_xenograft_2014	SA536	SA536X0-targeted	Breast Cancer	Invasive Breast Cancer	NA	21	BRCA	Xenograft	5	Targeted	Matched	0.7
brca_bccrc_xenograft_2014	SA536	SA536X0-whole_genome	Breast Cancer	Invasive Breast Cancer	0.6085	35	BRCA	Xenograft	5	Whole Genome	Matched	1.16666666667
brca_bccrc_xenograft_2014	SA536	SA536X1-targeted	Breast Cancer	Invasive Breast Cancer	NA	21	BRCA	Xenograft	5	Targeted	Matched	0.7
brca_bccrc_xenograft_2014	SA542T	SA542T-whole_genome	Breast Cancer	Invasive Breast Cancer	NA	NA	BRCA	NA	1	NA	UnMatched	NA